﻿{"cameraMode":{"drawMode":0,"name":"Shaded","section":"Shading Mode"},"sceneLighting":false,"audioPlay":false,"sceneViewState":{"showFog":true,"showMaterialUpdate":false,"showSkybox":false,"showFlares":true,"showImageEffects":true,"showParticleSystems":true},"in2DMode":false,"pivot":{"x":0.43086540699005129,"y":0.7339999675750732,"z":0.013730645179748536},"rotation":{"x":-0.08996448665857315,"y":0.897986888885498,"z":-0.21719349920749665,"w":-0.37195834517478945},"size":3.8216450214385988,"orthographic":false}