﻿{"cameraMode":{"drawMode":0,"name":"Shaded","section":"Shading Mode"},"sceneLighting":true,"audioPlay":false,"sceneViewState":{"showFog":true,"showMaterialUpdate":false,"showSkybox":true,"showFlares":true,"showImageEffects":true,"showParticleSystems":true},"in2DMode":false,"pivot":{"x":0.3643006384372711,"y":0.4614981412887573,"z":-0.19664143025875092},"rotation":{"x":-0.08996448665857315,"y":0.897986888885498,"z":-0.21719349920749665,"w":-0.37195834517478945},"size":3.8216450214385988,"orthographic":false}