﻿{"cameraMode":{"drawMode":0,"name":"Shaded","section":"Shading Mode"},"sceneLighting":false,"audioPlay":false,"sceneViewState":{"showFog":true,"showMaterialUpdate":false,"showSkybox":false,"showFlares":true,"showImageEffects":true,"showParticleSystems":true},"in2DMode":false,"pivot":{"x":1.4630000591278077,"y":0.8730000257492065,"z":-0.008000001311302185},"rotation":{"x":-0.08996448665857315,"y":0.897986888885498,"z":-0.21719349920749665,"w":-0.37195834517478945},"size":0.3784981966018677,"orthographic":false}