﻿{"cameraMode":{"drawMode":0,"name":"Shaded","section":"Shading Mode"},"sceneLighting":false,"audioPlay":false,"sceneViewState":{"showFog":true,"showMaterialUpdate":false,"showSkybox":false,"showFlares":true,"showImageEffects":true,"showParticleSystems":true},"in2DMode":false,"pivot":{"x":1.524999976158142,"y":0.625,"z":0.013730645179748536},"rotation":{"x":-0.08996448665857315,"y":0.897986888885498,"z":-0.21719349920749665,"w":-0.37195834517478945},"size":0.7487941980361939,"orthographic":false}